date,open,high,low,close,volume,dividend,split
2017-01-03,115.80000305175781,116.33000183105469,114.76000213623047,116.1500015258789,28781900,0,0
2017-01-04,115.8499984741211,116.51000213623047,115.75,116.0199966430664,21118100,0,0
2017-01-05,115.91999816894531,116.86000061035156,115.80999755859375,116.61000061035156,22193600,0,0
2017-01-06,116.77999877929688,118.16000366210938,116.47000122070312,117.91000366210938,31751900,0,0
2017-01-09,117.94999694824219,119.43000030517578,117.94000244140625,118.98999786376953,33561900,0,0
2017-01-10,118.7699966430664,119.37999725341797,118.30000305175781,119.11000061035156,24462100,0,0
2017-01-11,118.73999786376953,119.93000030517578,118.5999984741211,119.75,27588600,0,0
2017-01-12,118.9000015258789,119.30000305175781,118.20999908447266,119.25,27086200,0,0
2017-01-13,119.11000061035156,119.62000274658203,118.80999755859375,119.04000091552734,26111900,0,0
2017-01-17,118.33999633789062,120.23999786376953,118.22000122070312,120.0,34439800,0,0
2017-01-18,120.0,120.5,119.70999908447266,119.98999786376953,23713000,0,0
2017-01-19,119.4000015258789,120.08999633789062,119.37000274658203,119.77999877929688,25597300,0,0
2017-01-20,120.44999694824219,120.44999694824219,119.7300033569336,120.0,32597900,0,0
2017-01-23,120.0,120.80999755859375,119.7699966430664,120.08000183105469,22050200,0,0
2017-01-24,119.55000305175781,120.0999984741211,119.5,119.97000122070312,23211000,0,0
2017-01-25,120.41999816894531,122.0999984741211,120.27999877929688,121.87999725341797,32377600,0,0
2017-01-26,121.66999816894531,122.44000244140625,121.5999984741211,121.94000244140625,26337600,0,0
2017-01-27,122.13999938964844,122.3499984741211,121.5999984741211,121.94999694824219,20562900,0,0
2017-01-30,120.93000030517578,121.62999725341797,120.66000366210938,121.62999725341797,30377500,0,0
2017-01-31,121.1500015258789,121.38999938964844,120.62000274658203,121.3499984741211,49201000,0,0
2017-02-01,127.02999877929688,130.49000549316406,127.01000213623047,128.75,111985000,0,0
2017-02-02,127.9800033569336,129.38999938964844,127.77999877929688,128.52999877929688,33710400,0,0
2017-02-03,128.30999755859375,129.19000244140625,128.16000366210938,129.0800018310547,24507300,0,0
2017-02-06,129.1300048828125,130.5,128.89999389648438,130.2899932861328,26845900,0,0
2017-02-07,130.5399932861328,132.08999633789062,130.4499969482422,131.52999877929688,38183800,0,0
2017-02-08,131.35000610351562,132.22000122070312,131.22000122070312,132.0399932861328,23004100,0,0
2017-02-09,131.64999389648438,132.4499969482422,131.1199951171875,132.4199981689453,28349900,0,0
2017-02-10,132.4600067138672,132.94000244140625,132.0500030517578,132.1199951171875,20065500,0,0
2017-02-13,133.0800018310547,133.82000732421875,132.75,133.2899932861328,23035400,0,0
2017-02-14,133.47000122070312,135.08999633789062,133.25,135.02000427246094,33226200,0,0
2017-02-15,135.52000427246094,136.27000427246094,134.6199951171875,135.50999450683594,35623100,0,0
2017-02-16,135.6699981689453,135.89999389648438,134.83999633789062,135.35000610351562,22584600,0,0
2017-02-17,135.10000610351562,135.8300018310547,135.10000610351562,135.72000122070312,22198200,0,0
2017-02-21,136.22999572753906,136.75,135.97999572753906,136.6999969482422,24507200,0,0
2017-02-22,136.42999267578125,137.1199951171875,136.11000061035156,137.11000061035156,20836900,0,0
2017-02-23,137.3800048828125,137.47999572753906,136.3000030517578,136.52999877929688,20788200,0,0
2017-02-24,135.91000366210938,136.66000366210938,135.27999877929688,136.66000366210938,21776600,0,0
2017-02-27,137.13999938964844,137.44000244140625,136.27999877929688,136.92999267578125,20257400,0,0
2017-02-28,137.0800018310547,137.44000244140625,136.6999969482422,136.99000549316406,23482900,0,0
2017-03-01,137.88999938964844,140.14999389648438,137.60000610351562,139.7899932861328,36414600,0,0
2017-03-02,140.0,140.27999877929688,138.75999450683594,138.9600067138672,26211000,0,0
2017-03-03,138.77999877929688,139.8300018310547,138.58999633789062,139.77999877929688,21108100,0,0
2017-03-06,139.3699951171875,139.77000427246094,138.60000610351562,139.33999633789062,21750000,0,0
2017-03-07,139.05999755859375,139.97999572753906,138.7899932861328,139.52000427246094,17446300,0,0
2017-03-08,138.9499969482422,139.8000030517578,138.82000732421875,139.0,18707200,0,0
2017-03-09,138.74000549316406,138.7899932861328,137.0500030517578,138.67999267578125,22155900,0,0
2017-03-10,139.25,139.36000061035156,138.63999938964844,139.13999938964844,19612800,0,0
2017-03-13,138.85000610351562,139.42999267578125,138.82000732421875,139.1999969482422,17421700,0,0
2017-03-14,139.3000030517578,139.64999389648438,138.83999633789062,138.99000549316406,15309100,0,0
2017-03-15,139.41000366210938,140.75,139.02999877929688,140.4600067138672,25691800,0,0
2017-03-16,140.72000122070312,141.02000427246094,140.25999450683594,140.69000244140625,19232000,0,0
2017-03-17,141.0,141.0,139.88999938964844,139.99000549316406,43885000,0,0
2017-03-20,140.39999389648438,141.5,140.22999572753906,141.4600067138672,21542000,0,0
2017-03-21,142.11000061035156,142.8000030517578,139.72999572753906,139.83999633789062,39529900,0,0
2017-03-22,139.85000610351562,141.60000610351562,139.75999450683594,141.4199981689453,25860200,0,0
2017-03-23,141.25999450683594,141.5800018310547,140.61000061035156,140.9199981689453,20346300,0,0
2017-03-24,141.5,141.74000549316406,140.35000610351562,140.63999938964844,22395600,0,0
2017-03-27,139.38999938964844,141.22000122070312,138.6199951171875,140.8800048828125,23575100,0,0
2017-03-28,140.91000366210938,144.0399932861328,140.6199951171875,143.8000030517578,33374800,0,0
2017-03-29,143.67999267578125,144.49000549316406,143.19000244140625,144.1199951171875,29190000,0,0
2017-03-30,144.19000244140625,144.5,143.5,143.92999267578125,21207300,0,0
2017-03-31,143.72000122070312,144.27000427246094,143.00999450683594,143.66000366210938,19661700,0,0
2017-04-03,143.7100067138672,144.1199951171875,143.0500030517578,143.6999969482422,19985700,0,0
2017-04-04,143.25,144.88999938964844,143.1699981689453,144.77000427246094,19891400,0,0
2017-04-05,144.22000122070312,145.4600067138672,143.80999755859375,144.02000427246094,27717900,0,0
2017-04-06,144.2899932861328,144.52000427246094,143.4499969482422,143.66000366210938,21149000,0,0
2017-04-07,143.72999572753906,144.17999267578125,143.27000427246094,143.33999633789062,16672200,0,0
2017-04-10,143.60000610351562,143.8800048828125,142.89999389648438,143.1699981689453,18933400,0,0
2017-04-11,142.94000244140625,143.35000610351562,140.05999755859375,141.6300048828125,30379400,0,0
2017-04-12,141.60000610351562,142.14999389648438,141.00999450683594,141.8000030517578,20350000,0,0
2017-04-13,141.91000366210938,142.3800048828125,141.0500030517578,141.0500030517578,17822900,0,0
2017-04-17,141.47999572753906,141.8800048828125,140.8699951171875,141.8300018310547,16582100,0,0
2017-04-18,141.41000366210938,142.0399932861328,141.11000061035156,141.1999969482422,14697500,0,0
2017-04-19,141.8800048828125,142.0,140.4499969482422,140.67999267578125,17328400,0,0
2017-04-20,141.22000122070312,142.9199981689453,141.16000366210938,142.44000244140625,23319600,0,0
2017-04-21,142.44000244140625,142.67999267578125,141.85000610351562,142.27000427246094,17320900,0,0
2017-04-24,143.5,143.9499969482422,143.17999267578125,143.63999938964844,17134300,0,0
2017-04-25,143.91000366210938,144.89999389648438,143.8699951171875,144.52999877929688,18871500,0,0
2017-04-26,144.47000122070312,144.60000610351562,143.3800048828125,143.67999267578125,20041200,0,0
2017-04-27,143.9199981689453,144.16000366210938,143.30999755859375,143.7899932861328,14246300,0,0
2017-04-28,144.08999633789062,144.3000030517578,143.27000427246094,143.64999389648438,20860400,0,0
2017-05-01,145.10000610351562,147.1999969482422,144.9600067138672,146.5800018310547,33602900,0,0
2017-05-02,147.5399932861328,148.08999633789062,146.83999633789062,147.50999450683594,45352200,0,0
2017-05-03,145.58999633789062,147.49000549316406,144.27000427246094,147.05999755859375,45697000,0,0
2017-05-04,146.52000427246094,147.13999938964844,145.80999755859375,146.52999877929688,23371900,0,0
2017-05-05,146.75999450683594,148.97999572753906,146.75999450683594,148.9600067138672,27327700,0,0
2017-05-08,149.02999877929688,153.6999969482422,149.02999877929688,153.00999450683594,48752400,0,0
2017-05-09,153.8699951171875,154.8800048828125,153.4499969482422,153.99000549316406,39130400,0,0
2017-05-10,153.6300048828125,153.94000244140625,152.11000061035156,153.25999450683594,25805700,0,0
2017-05-11,152.4499969482422,154.07000732421875,152.30999755859375,153.9499969482422,27255100,0,0
2017-05-12,154.6999969482422,156.4199981689453,154.6699981689453,156.10000610351562,32527000,0,0
2017-05-15,156.00999450683594,156.64999389648438,155.0500030517578,155.6999969482422,26009700,0,0
2017-05-16,155.94000244140625,156.05999755859375,154.72000122070312,155.47000122070312,20048500,0,0
2017-05-17,153.60000610351562,154.57000732421875,149.7100067138672,150.25,50767700,0,0
2017-05-18,151.27000427246094,153.33999633789062,151.1300048828125,152.5399932861328,33568200,0,0
2017-05-19,153.3800048828125,153.97999572753906,152.6300048828125,153.05999755859375,26960800,0,0
2017-05-22,154.0,154.5800018310547,152.91000366210938,153.99000549316406,22966400,0,0
2017-05-23,154.89999389648438,154.89999389648438,153.30999755859375,153.8000030517578,19918900,0,0
2017-05-24,153.83999633789062,154.1699981689453,152.6699981689453,153.33999633789062,19178000,0,0
2017-05-25,153.72999572753906,154.35000610351562,153.02999877929688,153.8699951171875,19235600,0,0
2017-05-26,154.0,154.24000549316406,153.30999755859375,153.61000061035156,21927600,0,0
2017-05-30,153.4199981689453,154.42999267578125,153.3300018310547,153.6699981689453,20126900,0,0
2017-05-31,153.97000122070312,154.1699981689453,152.3800048828125,152.75999450683594,24451200,0,0
2017-06-01,153.1699981689453,153.3300018310547,152.22000122070312,153.17999267578125,16404100,0,0
2017-06-02,153.5800018310547,155.4499969482422,152.88999938964844,155.4499969482422,27770700,0,0
2017-06-05,154.33999633789062,154.4499969482422,153.4600067138672,153.92999267578125,25331700,0,0
2017-06-06,153.89999389648438,155.80999755859375,153.77999877929688,154.4499969482422,26624900,0,0
2017-06-07,155.02000427246094,155.97999572753906,154.47999572753906,155.3699951171875,21069600,0,0
2017-06-08,155.25,155.5399932861328,154.39999389648438,154.99000549316406,21250800,0,0
2017-06-09,155.19000244140625,155.19000244140625,146.02000427246094,148.97999572753906,64882700,0,0
2017-06-12,145.74000549316406,146.08999633789062,142.50999450683594,145.4199981689453,72307300,0,0
2017-06-13,147.16000366210938,147.4499969482422,145.14999389648438,146.58999633789062,34165400,0,0
2017-06-14,147.5,147.5,143.83999633789062,145.16000366210938,31531200,0,0
2017-06-15,143.32000732421875,144.47999572753906,142.2100067138672,144.2899932861328,32165400,0,0
2017-06-16,143.77999877929688,144.5,142.1999969482422,142.27000427246094,50361100,0,0
2017-06-19,143.66000366210938,146.74000549316406,143.66000366210938,146.33999633789062,32541400,0,0
2017-06-20,146.8699951171875,146.8699951171875,144.94000244140625,145.00999450683594,24900100,0,0
2017-06-21,145.52000427246094,146.07000732421875,144.61000061035156,145.8699951171875,21265800,0,0
2017-06-22,145.77000427246094,146.6999969482422,145.1199951171875,145.6300048828125,19106300,0,0
2017-06-23,145.1300048828125,147.16000366210938,145.11000061035156,146.27999877929688,35439400,0,0
2017-06-26,147.1699981689453,148.27999877929688,145.3800048828125,145.82000732421875,25692400,0,0
2017-06-27,145.00999450683594,146.16000366210938,143.6199951171875,143.72999572753906,24761900,0,0
2017-06-28,144.49000549316406,146.11000061035156,143.16000366210938,145.8300018310547,22082400,0,0
2017-06-29,144.7100067138672,145.1300048828125,142.27999877929688,143.67999267578125,31499400,0,0
2017-06-30,144.4499969482422,144.9600067138672,143.77999877929688,144.02000427246094,23024100,0,0
2017-07-03,144.8800048828125,145.3000030517578,143.10000610351562,143.5,14277800,0,0
2017-07-05,143.69000244140625,144.7899932861328,142.72000122070312,144.08999633789062,21569600,0,0
2017-07-06,143.02000427246094,143.5,142.41000366210938,142.72999572753906,24128800,0,0
2017-07-07,142.89999389648438,144.75,142.89999389648438,144.17999267578125,19201700,0,0
2017-07-10,144.11000061035156,145.9499969482422,143.3699951171875,145.05999755859375,21090600,0,0
2017-07-11,144.72999572753906,145.85000610351562,144.3800048828125,145.52999877929688,19781800,0,0
2017-07-12,145.8699951171875,146.17999267578125,144.82000732421875,145.74000549316406,24884500,0,0
2017-07-13,145.5,148.49000549316406,145.44000244140625,147.77000427246094,25199400,0,0
2017-07-14,147.97000122070312,149.3300018310547,147.3300018310547,149.0399932861328,20132100,0,0
2017-07-17,148.82000732421875,150.89999389648438,148.57000732421875,149.55999755859375,23793500,0,0
2017-07-18,149.1999969482422,150.1300048828125,148.6699981689453,150.0800018310547,17868800,0,0
2017-07-19,150.47999572753906,151.4199981689453,149.9499969482422,151.02000427246094,20923000,0,0
2017-07-20,151.5,151.74000549316406,150.19000244140625,150.33999633789062,17243700,0,0
2017-07-21,149.99000549316406,150.44000244140625,148.8800048828125,150.27000427246094,26252600,0,0
2017-07-24,150.5800018310547,152.44000244140625,149.89999389648438,152.08999633789062,21493200,0,0
2017-07-25,151.8000030517578,153.83999633789062,151.8000030517578,152.74000549316406,18853900,0,0
2017-07-26,153.35000610351562,153.92999267578125,153.05999755859375,153.4600067138672,15781000,0,0
2017-07-27,153.75,153.99000549316406,147.3000030517578,150.55999755859375,32476300,0,0
2017-07-28,149.88999938964844,150.22999572753906,149.19000244140625,149.5,17213700,0,0
2017-07-31,149.89999389648438,150.3300018310547,148.1300048828125,148.72999572753906,19845900,0,0
2017-08-01,149.10000610351562,150.22000122070312,148.41000366210938,150.0500030517578,35368600,0,0
2017-08-02,159.27999877929688,159.75,156.16000366210938,157.13999938964844,69936800,0,0
2017-08-03,157.0500030517578,157.2100067138672,155.02000427246094,155.57000732421875,27097300,0,0
2017-08-04,156.07000732421875,157.39999389648438,155.69000244140625,156.38999938964844,20559900,0,0
2017-08-07,157.05999755859375,158.9199981689453,156.6699981689453,158.80999755859375,21870300,0,0
2017-08-08,158.60000610351562,161.8300018310547,158.27000427246094,160.0800018310547,36205900,0,0
2017-08-09,159.25999450683594,161.27000427246094,159.11000061035156,161.05999755859375,26131500,0,0
2017-08-10,159.89999389648438,160.0,154.6300048828125,155.32000732421875,40804300,0,0
2017-08-11,156.60000610351562,158.57000732421875,156.07000732421875,157.47999572753906,26257100,0,0
2017-08-14,159.32000732421875,160.2100067138672,158.75,159.85000610351562,22122700,0,0
2017-08-15,160.66000366210938,162.1999969482422,160.13999938964844,161.60000610351562,29465500,0,0
2017-08-16,161.94000244140625,162.50999450683594,160.14999389648438,160.9499969482422,27671600,0,0
2017-08-17,160.52000427246094,160.7100067138672,157.83999633789062,157.86000061035156,27940600,0,0
2017-08-18,157.86000061035156,159.5,156.72000122070312,157.5,27428100,0,0
2017-08-21,157.5,157.88999938964844,155.11000061035156,157.2100067138672,26368500,0,0
2017-08-22,158.22999572753906,160.0,158.02000427246094,159.77999877929688,21604600,0,0
2017-08-23,159.07000732421875,160.47000122070312,158.8800048828125,159.97999572753906,19399100,0,0
2017-08-24,160.42999267578125,160.74000549316406,158.5500030517578,159.27000427246094,19818900,0,0
2017-08-25,159.64999389648438,160.55999755859375,159.27000427246094,159.86000061035156,25480100,0,0
2017-08-28,160.13999938964844,162.0,159.92999267578125,161.47000122070312,25966000,0,0
2017-08-29,160.10000610351562,163.1199951171875,160.0,162.91000366210938,29516900,0,0
2017-08-30,163.8000030517578,163.88999938964844,162.61000061035156,163.35000610351562,27269600,0,0
2017-08-31,163.63999938964844,164.52000427246094,163.47999572753906,164.0,26785100,0,0
2017-09-01,164.8000030517578,164.94000244140625,163.6300048828125,164.0500030517578,16591100,0,0
2017-09-05,163.75,164.25,160.55999755859375,162.0800018310547,29468500,0,0
2017-09-06,162.7100067138672,162.99000549316406,160.52000427246094,161.91000366210938,21651700,0,0
2017-09-07,162.08999633789062,162.24000549316406,160.36000061035156,161.25999450683594,21928500,0,0
2017-09-08,160.86000061035156,161.14999389648438,158.52999877929688,158.6300048828125,28611500,0,0
2017-09-11,160.5,162.0500030517578,159.88999938964844,161.5,31580800,0,0
2017-09-12,162.61000061035156,163.9600067138672,158.77000427246094,160.86000061035156,71714000,0,0
2017-09-13,159.8699951171875,159.9600067138672,157.91000366210938,159.64999389648438,44907400,0,0
2017-09-14,158.99000549316406,159.39999389648438,158.08999633789062,158.27999877929688,23760700,0,0
2017-09-15,158.47000122070312,160.97000122070312,158.0,159.8800048828125,49114600,0,0
2017-09-18,160.11000061035156,160.5,158.0,158.6699981689453,28269400,0,0
2017-09-19,159.50999450683594,159.77000427246094,158.44000244140625,158.72999572753906,20810600,0,0
2017-09-20,157.89999389648438,158.25999450683594,153.8300018310547,156.07000732421875,52951400,0,0
2017-09-21,155.8000030517578,155.8000030517578,152.75,153.38999938964844,37511700,0,0
2017-09-22,151.5399932861328,152.27000427246094,150.55999755859375,151.88999938964844,46645400,0,0
2017-09-25,149.99000549316406,151.8300018310547,149.16000366210938,150.5500030517578,44387300,0,0
2017-09-26,151.77999877929688,153.9199981689453,151.69000244140625,153.13999938964844,36660000,0,0
2017-09-27,153.8000030517578,154.72000122070312,153.5399932861328,154.22999572753906,25504200,0,0
2017-09-28,153.88999938964844,154.27999877929688,152.6999969482422,153.27999877929688,22005500,0,0
2017-09-29,153.2100067138672,154.1300048828125,152.0,154.1199951171875,26299800,0,0
2017-10-02,154.25999450683594,154.4499969482422,152.72000122070312,153.80999755859375,18698800,0,0
2017-10-03,154.00999450683594,155.08999633789062,153.91000366210938,154.47999572753906,16230300,0,0
2017-10-04,153.6300048828125,153.86000061035156,152.4600067138672,153.47999572753906,20163800,0,0
2017-10-05,154.17999267578125,155.44000244140625,154.0500030517578,155.38999938964844,21283800,0,0
2017-10-06,154.97000122070312,155.49000549316406,154.55999755859375,155.3000030517578,17407600,0,0
2017-10-09,155.80999755859375,156.72999572753906,155.49000549316406,155.83999633789062,16262900,0,0
2017-10-10,156.05999755859375,158.0,155.10000610351562,155.89999389648438,15617000,0,0
2017-10-11,155.97000122070312,156.97999572753906,155.75,156.5500030517578,16905600,0,0
2017-10-12,156.35000610351562,157.3699951171875,155.72999572753906,156.0,16125100,0,0
2017-10-13,156.72999572753906,157.27999877929688,156.41000366210938,156.99000549316406,16394200,0,0
2017-10-16,157.89999389648438,160.0,157.64999389648438,159.8800048828125,24121500,0,0
2017-10-17,159.77999877929688,160.8699951171875,159.22999572753906,160.47000122070312,18997300,0,0
2017-10-18,160.4199981689453,160.7100067138672,159.60000610351562,159.75999450683594,16374200,0,0
2017-10-19,156.75,157.0800018310547,155.02000427246094,155.97999572753906,42584200,0,0
2017-10-20,156.61000061035156,157.75,155.9600067138672,156.25,23974100,0,0
2017-10-23,156.88999938964844,157.69000244140625,155.5,156.1699981689453,21984300,0,0
2017-10-24,156.2899932861328,157.4199981689453,156.1999969482422,157.10000610351562,17757200,0,0
2017-10-25,156.91000366210938,157.5500030517578,155.27000427246094,156.41000366210938,21207100,0,0
2017-10-26,157.22999572753906,157.8300018310547,156.77999877929688,157.41000366210938,17000500,0,0
2017-10-27,159.2899932861328,163.60000610351562,158.6999969482422,163.0500030517578,44454200,0,0
2017-10-30,163.88999938964844,168.07000732421875,163.72000122070312,166.72000122070312,44700800,0,0
2017-10-31,167.89999389648438,169.64999389648438,166.94000244140625,169.0399932861328,36046800,0,0
2017-11-01,169.8699951171875,169.94000244140625,165.61000061035156,166.88999938964844,33637800,0,0
2017-11-02,166.60000610351562,168.5,165.27999877929688,168.11000061035156,41393400,0,0
2017-11-03,174.0,174.25999450683594,171.1199951171875,172.5,59398600,0,0
2017-11-06,172.3699951171875,174.99000549316406,171.72000122070312,174.25,35026300,0,0
2017-11-07,173.91000366210938,175.25,173.60000610351562,174.80999755859375,24361500,0,0
2017-11-08,174.66000366210938,176.24000549316406,174.3300018310547,176.24000549316406,24409500,0,0
2017-11-09,175.11000061035156,176.10000610351562,173.13999938964844,175.8800048828125,29482600,0,0
2017-11-10,175.11000061035156,175.3800048828125,174.27000427246094,174.6699981689453,25145500,0,0
2017-11-13,173.5,174.5,173.39999389648438,173.97000122070312,16982100,0,0
2017-11-14,173.0399932861328,173.47999572753906,171.17999267578125,171.33999633789062,24782500,0,0
2017-11-15,169.97000122070312,170.32000732421875,168.3800048828125,169.0800018310547,29158100,0,0
2017-11-16,171.17999267578125,171.8699951171875,170.3000030517578,171.10000610351562,23637500,0,0
2017-11-17,171.0399932861328,171.38999938964844,169.63999938964844,170.14999389648438,21899500,0,0
2017-11-20,170.2899932861328,170.55999755859375,169.55999755859375,169.97999572753906,16262400,0,0
2017-11-21,170.77999877929688,173.6999969482422,170.77999877929688,173.13999938964844,25131300,0,0
2017-11-22,173.36000061035156,175.0,173.0500030517578,174.9600067138672,25588900,0,0
2017-11-24,175.10000610351562,175.5,174.64999389648438,174.97000122070312,14026700,0,0
2017-11-27,175.0500030517578,175.0800018310547,173.33999633789062,174.08999633789062,20716800,0,0
2017-11-28,174.3000030517578,174.8699951171875,171.86000061035156,173.07000732421875,26428800,0,0
2017-11-29,172.6300048828125,172.9199981689453,167.16000366210938,169.47999572753906,41666400,0,0
2017-11-30,170.42999267578125,172.13999938964844,168.44000244140625,171.85000610351562,41527200,0,0
2017-12-01,169.9499969482422,171.6699981689453,168.5,171.0500030517578,39759300,0,0
2017-12-04,172.47999572753906,172.6199951171875,169.6300048828125,169.8000030517578,32542400,0,0
2017-12-05,169.05999755859375,171.52000427246094,168.39999389648438,169.63999938964844,27350200,0,0
2017-12-06,167.5,170.1999969482422,166.4600067138672,169.00999450683594,28560000,0,0
2017-12-07,169.02999877929688,170.44000244140625,168.91000366210938,169.32000732421875,25673300,0,0
2017-12-08,170.49000549316406,171.0,168.82000732421875,169.3699951171875,23355200,0,0
2017-12-11,169.1999969482422,172.88999938964844,168.7899932861328,172.6699981689453,35273800,0,0
2017-12-12,172.14999389648438,172.38999938964844,171.4600067138672,171.6999969482422,19409200,0,0
2017-12-13,172.5,173.5399932861328,172.0,172.27000427246094,23818400,0,0
2017-12-14,172.39999389648438,173.1300048828125,171.64999389648438,172.22000122070312,20476500,0,0
2017-12-15,173.6300048828125,174.1699981689453,172.4600067138672,173.97000122070312,40169300,0,0
2017-12-18,174.8800048828125,177.1999969482422,174.86000061035156,176.4199981689453,29421100,0,0
2017-12-19,175.02999877929688,175.38999938964844,174.08999633789062,174.5399932861328,27436400,0,0
2017-12-20,174.8699951171875,175.4199981689453,173.25,174.35000610351562,23475600,0,0
2017-12-21,174.1699981689453,176.02000427246094,174.10000610351562,175.00999450683594,20949900,0,0
2017-12-22,174.67999267578125,175.4199981689453,174.5,175.00999450683594,16349400,0,0
2017-12-26,170.8000030517578,171.47000122070312,169.67999267578125,170.57000732421875,33185500,0,0
2017-12-27,170.10000610351562,170.77999877929688,169.7100067138672,170.60000610351562,21498200,0,0
2017-12-28,171.0,171.85000610351562,170.47999572753906,171.0800018310547,16480200,0,0
2017-12-29,170.52000427246094,170.58999633789062,169.22000122070312,169.22999572753906,25999900,0,0
2018-01-02,170.16000366210938,172.3000030517578,169.25999450683594,172.25999450683594,25555900,0,0
2018-01-03,172.52999877929688,174.5500030517578,171.9600067138672,172.22999572753906,29517900,0,0
2018-01-04,172.5399932861328,173.47000122070312,172.0800018310547,173.02999877929688,22434600,0,0
2018-01-05,173.44000244140625,175.3699951171875,173.0500030517578,175.0,23660000,0,0
2018-01-08,174.35000610351562,175.61000061035156,173.92999267578125,174.35000610351562,20567800,0,0
2018-01-09,174.5500030517578,175.05999755859375,173.41000366210938,174.3300018310547,21584000,0,0
2018-01-10,173.16000366210938,174.3000030517578,173.0,174.2899932861328,23959900,0,0
2018-01-11,174.58999633789062,175.49000549316406,174.49000549316406,175.27999877929688,18667700,0,0
2018-01-12,176.17999267578125,177.36000061035156,175.64999389648438,177.08999633789062,25418100,0,0
2018-01-16,177.89999389648438,179.38999938964844,176.13999938964844,176.19000244140625,29565900,0,0
2018-01-17,176.14999389648438,179.25,175.07000732421875,179.10000610351562,34386800,0,0
2018-01-18,179.3699951171875,180.10000610351562,178.25,179.25999450683594,31193400,0,0
2018-01-19,178.61000061035156,179.5800018310547,177.41000366210938,178.4600067138672,32425100,0,0
2018-01-22,177.3000030517578,177.77999877929688,176.60000610351562,177.0,27108600,0,0
2018-01-23,177.3000030517578,179.44000244140625,176.82000732421875,177.0399932861328,32689100,0,0
2018-01-24,177.25,177.3000030517578,173.1999969482422,174.22000122070312,51105100,0,0
2018-01-25,174.50999450683594,174.9499969482422,170.52999877929688,171.11000061035156,41529000,0,0
2018-01-26,172.0,172.0,170.05999755859375,171.50999450683594,39143000,0,0
2018-01-29,170.16000366210938,170.16000366210938,167.07000732421875,167.9600067138672,50640400,0,0
2018-01-30,165.52999877929688,167.3699951171875,164.6999969482422,166.97000122070312,46048200,0,0
2018-01-31,166.8699951171875,168.44000244140625,166.5,167.42999267578125,32478900,0,0
2018-02-01,167.1699981689453,168.6199951171875,166.75999450683594,167.77999877929688,47230800,0,0
2018-02-02,166.0,166.8000030517578,160.10000610351562,160.5,86593800,0,0
2018-02-05,159.10000610351562,163.8800048828125,156.0,156.49000549316406,72738500,0,0
2018-02-06,154.8300018310547,163.72000122070312,154.0,163.02999877929688,68243800,0,0
2018-02-07,163.08999633789062,163.39999389648438,159.07000732421875,159.5399932861328,51608600,0,0
2018-02-08,160.2899932861328,161.0,155.02999877929688,155.14999389648438,54390500,0,0
2018-02-09,157.07000732421875,157.88999938964844,150.24000549316406,156.41000366210938,70672600,0,0
2018-02-12,158.5,163.88999938964844,157.50999450683594,162.7100067138672,60819500,0,0
2018-02-13,161.9499969482422,164.75,161.64999389648438,164.33999633789062,32549200,0,0
2018-02-14,163.0399932861328,167.5399932861328,162.8800048828125,167.3699951171875,40644900,0,0
2018-02-15,169.7899932861328,173.08999633789062,169.0,172.99000549316406,51147200,0,0
2018-02-16,172.36000061035156,174.82000732421875,171.77000427246094,172.42999267578125,40176100,0,0
2018-02-20,172.0500030517578,174.25999450683594,171.4199981689453,171.85000610351562,33930500,0,0
2018-02-21,172.8300018310547,174.1199951171875,171.00999450683594,171.07000732421875,37471600,0,0
2018-02-22,171.8000030517578,173.9499969482422,171.7100067138672,172.5,30991900,0,0
2018-02-23,173.6699981689453,175.64999389648438,173.5399932861328,175.5,33812400,0,0
2018-02-26,176.35000610351562,179.38999938964844,176.2100067138672,178.97000122070312,38162200,0,0
2018-02-27,179.10000610351562,180.47999572753906,178.16000366210938,178.38999938964844,38928100,0,0
2018-02-28,179.25999450683594,180.6199951171875,178.0500030517578,178.1199951171875,37782100,0,0
2018-03-01,178.5399932861328,179.77999877929688,172.66000366210938,175.0,48802000,0,0
2018-03-02,172.8000030517578,176.3000030517578,172.4499969482422,176.2100067138672,38454000,0,0
2018-03-05,175.2100067138672,177.74000549316406,174.52000427246094,176.82000732421875,28401400,0,0
2018-03-06,177.91000366210938,178.25,176.1300048828125,176.6699981689453,23788500,0,0
2018-03-07,174.94000244140625,175.85000610351562,174.27000427246094,175.02999877929688,31703500,0,0
2018-03-08,175.47999572753906,177.1199951171875,175.07000732421875,176.94000244140625,23774100,0,0
2018-03-09,177.9600067138672,180.0,177.38999938964844,179.97999572753906,32185200,0,0
2018-03-12,180.2899932861328,182.38999938964844,180.2100067138672,181.72000122070312,32207100,0,0
2018-03-13,182.58999633789062,183.5,179.24000549316406,179.97000122070312,31693500,0,0
2018-03-14,180.32000732421875,180.52000427246094,177.80999755859375,178.44000244140625,29368400,0,0
2018-03-15,178.5,180.24000549316406,178.07000732421875,178.64999389648438,22743800,0,0
2018-03-16,178.64999389648438,179.1199951171875,177.6199951171875,178.02000427246094,39404700,0,0
2018-03-19,177.32000732421875,177.47000122070312,173.66000366210938,175.3000030517578,33446800,0,0
2018-03-20,175.24000549316406,176.8000030517578,174.94000244140625,175.24000549316406,19649400,0,0
2018-03-21,175.0399932861328,175.08999633789062,171.25999450683594,171.27000427246094,37054900,0,0
2018-03-22,170.0,172.67999267578125,168.60000610351562,168.85000610351562,41490800,0,0
2018-03-23,168.38999938964844,169.9199981689453,164.94000244140625,164.94000244140625,41028800,0,0
2018-03-26,168.07000732421875,173.10000610351562,166.44000244140625,172.77000427246094,37541200,0,0
2018-03-27,173.67999267578125,175.14999389648438,166.9199981689453,168.33999633789062,40922600,0,0
2018-03-28,167.25,170.02000427246094,165.19000244140625,166.47999572753906,41668500,0,0
2018-03-29,167.80999755859375,171.75,166.89999389648438,167.77999877929688,38398500,0,0
2018-04-02,166.63999938964844,168.94000244140625,164.47000122070312,166.67999267578125,37586800,0,0
2018-04-03,167.63999938964844,168.75,164.8800048828125,168.38999938964844,30278000,0,0
2018-04-04,164.8800048828125,172.00999450683594,164.77000427246094,171.61000061035156,34605500,0,0
2018-04-05,172.5800018310547,174.22999572753906,172.0800018310547,172.8000030517578,26933200,0,0
2018-04-06,170.97000122070312,172.47999572753906,168.1999969482422,168.3800048828125,35005300,0,0
2018-04-09,169.8800048828125,173.08999633789062,169.85000610351562,170.0500030517578,29017700,0,0
2018-04-10,173.0,174.0,171.52999877929688,173.25,28408600,0,0
2018-04-11,172.22999572753906,173.9199981689453,171.6999969482422,172.44000244140625,22431600,0,0
2018-04-12,173.41000366210938,175.0,173.0399932861328,174.13999938964844,22889300,0,0
2018-04-13,174.77999877929688,175.83999633789062,173.85000610351562,174.72999572753906,25124300,0,0
2018-04-16,175.02999877929688,176.19000244140625,174.8300018310547,175.82000732421875,21578400,0,0
2018-04-17,176.49000549316406,178.94000244140625,176.41000366210938,178.24000549316406,26605400,0,0
2018-04-18,177.80999755859375,178.82000732421875,176.8800048828125,177.83999633789062,20754500,0,0
2018-04-19,173.75999450683594,175.38999938964844,172.66000366210938,172.8000030517578,34808800,0,0
2018-04-20,170.60000610351562,171.22000122070312,165.42999267578125,165.72000122070312,65491100,0,0
2018-04-23,166.8300018310547,166.9199981689453,164.08999633789062,165.24000549316406,36515500,0,0
2018-04-24,165.6699981689453,166.3300018310547,161.22000122070312,162.94000244140625,33692000,0,0
2018-04-25,162.6199951171875,165.4199981689453,162.41000366210938,163.64999389648438,28382100,0,0
2018-04-26,164.1199951171875,165.72999572753906,163.3699951171875,164.22000122070312,27963000,0,0
2018-04-27,164.0,164.3300018310547,160.6300048828125,162.32000732421875,35655800,0,0
2018-04-30,162.1300048828125,167.25999450683594,161.83999633789062,165.25999450683594,42427400,0,0
2018-05-01,166.41000366210938,169.1999969482422,165.27000427246094,169.10000610351562,53569400,0,0
2018-05-02,175.22999572753906,177.75,173.8000030517578,176.57000732421875,66539400,0,0
2018-05-03,175.8800048828125,177.5,174.44000244140625,176.88999938964844,34068200,0,0
2018-05-04,178.25,184.25,178.1699981689453,183.8300018310547,56201300,0,0
2018-05-07,185.17999267578125,187.6699981689453,184.75,185.16000366210938,42451400,0,0
2018-05-08,184.99000549316406,186.22000122070312,183.6699981689453,186.0500030517578,28402800,0,0
2018-05-09,186.5500030517578,187.39999389648438,185.22000122070312,187.36000061035156,23211200,0,0
2018-05-10,187.74000549316406,190.3699951171875,187.64999389648438,190.0399932861328,27989300,0,0
2018-05-11,189.49000549316406,190.05999755859375,187.4499969482422,188.58999633789062,26212200,0,0
2018-05-14,189.00999450683594,189.52999877929688,187.86000061035156,188.14999389648438,20778800,0,0
2018-05-15,186.77999877929688,187.07000732421875,185.10000610351562,186.44000244140625,23695200,0,0
2018-05-16,186.07000732421875,188.4600067138672,186.0,188.17999267578125,19183100,0,0
2018-05-17,188.0,188.91000366210938,186.36000061035156,186.99000549316406,17294000,0,0
2018-05-18,187.19000244140625,187.80999755859375,186.1300048828125,186.30999755859375,18297700,0,0
2018-05-21,188.0,189.27000427246094,186.91000366210938,187.6300048828125,18400800,0,0
2018-05-22,188.3800048828125,188.8800048828125,186.77999877929688,187.16000366210938,15240700,0,0
2018-05-23,186.35000610351562,188.5,185.75999450683594,188.36000061035156,20058400,0,0
2018-05-24,188.77000427246094,188.83999633789062,186.2100067138672,188.14999389648438,23234000,0,0
2018-05-25,188.22999572753906,189.64999389648438,187.64999389648438,188.5800018310547,17461000,0,0
2018-05-29,187.60000610351562,188.75,186.8699951171875,187.89999389648438,22514100,0,0
2018-05-30,187.72000122070312,188.0,186.77999877929688,187.5,18690500,0,0
2018-05-31,187.22000122070312,188.22999572753906,186.13999938964844,186.8699951171875,27482800,0,0
2018-06-01,187.99000549316406,190.25999450683594,187.75,190.24000549316406,23442500,0,0
2018-06-04,191.63999938964844,193.4199981689453,191.35000610351562,191.8300018310547,26266200,0,0
2018-06-05,193.07000732421875,193.94000244140625,192.36000061035156,193.30999755859375,21566000,0,0
2018-06-06,193.6300048828125,194.0800018310547,191.9199981689453,193.97999572753906,20933600,0,0
2018-06-07,194.13999938964844,194.1999969482422,192.33999633789062,193.4600067138672,21347200,0,0
2018-06-08,191.1699981689453,192.0,189.77000427246094,191.6999969482422,26656800,0,0
2018-06-11,191.35000610351562,191.97000122070312,190.2100067138672,191.22999572753906,18308500,0,0
2018-06-12,191.38999938964844,192.61000061035156,191.14999389648438,192.27999877929688,16911100,0,0
2018-06-13,192.4199981689453,192.8800048828125,190.44000244140625,190.6999969482422,21638400,0,0
2018-06-14,191.5500030517578,191.57000732421875,190.22000122070312,190.8000030517578,21610100,0,0
2018-06-15,190.02999877929688,190.16000366210938,188.25999450683594,188.83999633789062,61719200,0,0
2018-06-18,187.8800048828125,189.22000122070312,187.1999969482422,188.74000549316406,18484900,0,0
2018-06-19,185.13999938964844,186.3300018310547,183.4499969482422,185.69000244140625,33578500,0,0
2018-06-20,186.35000610351562,187.1999969482422,185.72999572753906,186.5,20628700,0,0
2018-06-21,187.25,188.35000610351562,184.94000244140625,185.4600067138672,25711900,0,0
2018-06-22,186.1199951171875,186.14999389648438,184.6999969482422,184.9199981689453,27200400,0,0
2018-06-25,183.39999389648438,184.9199981689453,180.72999572753906,182.1699981689453,31663100,0,0
2018-06-26,182.99000549316406,186.52999877929688,182.5399932861328,184.42999267578125,24569200,0,0
2018-06-27,185.22999572753906,187.27999877929688,184.02999877929688,184.16000366210938,25285300,0,0
2018-06-28,184.10000610351562,186.2100067138672,183.8000030517578,185.5,17365200,0,0
2018-06-29,186.2899932861328,187.19000244140625,182.91000366210938,185.11000061035156,22737700,0,0
2018-07-02,183.82000732421875,187.3000030517578,183.4199981689453,187.17999267578125,17731300,0,0
2018-07-03,187.7899932861328,187.9499969482422,183.5399932861328,183.9199981689453,13954800,0,0
2018-07-05,185.25999450683594,186.41000366210938,184.27999877929688,185.39999389648438,16604200,0,0
2018-07-06,185.4199981689453,188.42999267578125,185.1999969482422,187.97000122070312,17485200,0,0
2018-07-09,189.5,190.67999267578125,189.3000030517578,190.5800018310547,19756600,0,0
2018-07-10,190.7100067138672,191.27999877929688,190.17999267578125,190.35000610351562,15939100,0,0
2018-07-11,188.5,189.77999877929688,187.61000061035156,187.8800048828125,18831500,0,0
2018-07-12,189.52999877929688,191.41000366210938,189.30999755859375,191.02999877929688,18041100,0,0
2018-07-13,191.0800018310547,191.83999633789062,190.89999389648438,191.3300018310547,12513900,0,0
2018-07-16,191.52000427246094,192.64999389648438,190.4199981689453,190.91000366210938,15043100,0,0
2018-07-17,189.75,191.8699951171875,189.1999969482422,191.4499969482422,15534500,0,0
2018-07-18,191.77999877929688,191.8000030517578,189.92999267578125,190.39999389648438,16393400,0,0
2018-07-19,189.69000244140625,192.5500030517578,189.69000244140625,191.8800048828125,20286800,0,0
2018-07-20,191.77999877929688,192.42999267578125,190.1699981689453,191.44000244140625,20676200,0,0
2018-07-23,190.67999267578125,191.9600067138672,189.55999755859375,191.61000061035156,15989400,0,0
2018-07-24,192.4499969482422,193.66000366210938,192.0500030517578,193.0,18697900,0,0
2018-07-25,193.05999755859375,194.85000610351562,192.42999267578125,194.82000732421875,16709900,0,0
2018-07-26,194.61000061035156,195.9600067138672,193.61000061035156,194.2100067138672,19076000,0,0
2018-07-27,194.99000549316406,195.19000244140625,190.10000610351562,190.97999572753906,24024000,0,0
2018-07-30,191.89999389648438,192.1999969482422,189.07000732421875,189.91000366210938,21029500,0,0
2018-07-31,190.3000030517578,192.13999938964844,189.33999633789062,190.2899932861328,39373000,0,0
2018-08-01,199.1300048828125,201.75999450683594,197.30999755859375,201.5,67935700,0,0
2018-08-02,200.5800018310547,208.3800048828125,200.35000610351562,207.38999938964844,62404000,0,0
2018-08-03,207.02999877929688,208.74000549316406,205.47999572753906,207.99000549316406,33447400,0,0
2018-08-06,208.0,209.25,207.07000732421875,209.07000732421875,25425400,0,0
2018-08-07,209.32000732421875,209.5,206.75999450683594,207.11000061035156,25587400,0,0
2018-08-08,206.0500030517578,207.80999755859375,204.52000427246094,207.25,22525500,0,0
2018-08-09,209.52999877929688,209.77999877929688,207.1999969482422,208.8800048828125,23492600,0,0
2018-08-10,207.36000061035156,209.10000610351562,206.6699981689453,207.52999877929688,24611200,0,0
2018-08-13,209.30999755859375,210.9499969482422,207.6999969482422,208.8699951171875,25890900,0,0
2018-08-14,210.16000366210938,210.55999755859375,208.25999450683594,209.75,20748000,0,0
2018-08-15,209.22000122070312,210.74000549316406,208.3300018310547,210.24000549316406,28807600,0,0
2018-08-16,211.75,213.80999755859375,211.47000122070312,213.32000732421875,28500400,0,0
2018-08-17,213.44000244140625,217.9499969482422,213.16000366210938,217.5800018310547,35427000,0,0
2018-08-20,218.10000610351562,219.17999267578125,215.11000061035156,215.4600067138672,30287700,0,0
2018-08-21,216.8000030517578,217.19000244140625,214.02999877929688,215.0399932861328,26159800,0,0
2018-08-22,214.10000610351562,216.36000061035156,213.83999633789062,215.0500030517578,19018100,0,0
2018-08-23,214.64999389648438,217.0500030517578,214.60000610351562,215.49000549316406,18883200,0,0
2018-08-24,216.60000610351562,216.89999389648438,215.11000061035156,216.16000366210938,18476400,0,0
2018-08-27,217.14999389648438,218.74000549316406,216.3300018310547,217.94000244140625,20525100,0,0
2018-08-28,219.00999450683594,220.5399932861328,218.9199981689453,219.6999969482422,22776800,0,0
2018-08-29,220.14999389648438,223.49000549316406,219.41000366210938,222.97999572753906,27254800,0,0
2018-08-30,223.25,228.25999450683594,222.39999389648438,225.02999877929688,48793800,0,0
2018-08-31,226.50999450683594,228.8699951171875,226.0,227.6300048828125,43340100,0,0
2018-09-04,228.41000366210938,229.17999267578125,226.6300048828125,228.36000061035156,27390100,0,0
2018-09-05,228.99000549316406,229.6699981689453,225.10000610351562,226.8699951171875,33333000,0,0
2018-09-06,226.22999572753906,227.35000610351562,221.3000030517578,223.10000610351562,34290000,0,0
2018-09-07,221.85000610351562,225.3699951171875,220.7100067138672,221.3000030517578,37619800,0,0
2018-09-10,220.9499969482422,221.85000610351562,216.47000122070312,218.3300018310547,39516500,0,0
2018-09-11,218.00999450683594,224.3000030517578,216.55999755859375,223.85000610351562,35749000,0,0
2018-09-12,224.94000244140625,225.0,219.83999633789062,221.07000732421875,49278700,0,0
2018-09-13,223.52000427246094,228.35000610351562,222.57000732421875,226.41000366210938,41706400,0,0
2018-09-14,225.75,226.83999633789062,222.52000427246094,223.83999633789062,31999300,0,0
2018-09-17,222.14999389648438,222.9499969482422,217.27000427246094,217.8800048828125,37195100,0,0
2018-09-18,217.7899932861328,221.85000610351562,217.1199951171875,218.24000549316406,31571700,0,0
2018-09-19,218.5,219.6199951171875,215.3000030517578,218.3699951171875,27123800,0,0
2018-09-20,220.24000549316406,222.27999877929688,219.14999389648438,220.02999877929688,26608800,0,0
2018-09-21,220.77999877929688,221.36000061035156,217.2899932861328,217.66000366210938,96246700,0,0
2018-09-24,216.82000732421875,221.25999450683594,216.6300048828125,220.7899932861328,27693400,0,0
2018-09-25,219.75,222.82000732421875,219.6999969482422,222.19000244140625,24554400,0,0
2018-09-26,221.0,223.75,219.75999450683594,220.4199981689453,23984700,0,0
2018-09-27,223.82000732421875,226.44000244140625,223.5399932861328,224.9499969482422,30181200,0,0
2018-09-28,224.7899932861328,225.83999633789062,224.02000427246094,225.74000549316406,22929400,0,0
2018-10-01,227.9499969482422,229.4199981689453,226.35000610351562,227.25999450683594,23600800,0,0
2018-10-02,227.25,230.0,226.6300048828125,229.27999877929688,24788200,0,0
2018-10-03,230.0500030517578,233.47000122070312,229.77999877929688,232.07000732421875,28654800,0,0
2018-10-04,230.77999877929688,232.35000610351562,226.72999572753906,227.99000549316406,32042000,0,0
2018-10-05,227.9600067138672,228.41000366210938,220.5800018310547,224.2899932861328,33580500,0,0
2018-10-08,222.2100067138672,224.8000030517578,220.1999969482422,223.77000427246094,29663900,0,0
2018-10-09,223.63999938964844,227.27000427246094,222.25,226.8699951171875,26891000,0,0
2018-10-10,225.4600067138672,226.35000610351562,216.0500030517578,216.36000061035156,41990600,0,0
2018-10-11,214.52000427246094,219.5,212.32000732421875,214.4499969482422,53124400,0,0
2018-10-12,220.4199981689453,222.8800048828125,216.83999633789062,222.11000061035156,40337900,0,0
2018-10-15,221.16000366210938,221.8300018310547,217.27000427246094,217.36000061035156,30791000,0,0
2018-10-16,218.92999267578125,222.99000549316406,216.75999450683594,222.14999389648438,29184000,0,0
2018-10-17,222.3000030517578,222.63999938964844,219.33999633789062,221.19000244140625,22885400,0,0
2018-10-18,217.86000061035156,219.74000549316406,213.0,216.02000427246094,32581300,0,0
2018-10-19,218.05999755859375,221.25999450683594,217.42999267578125,219.30999755859375,33078700,0,0
2018-10-22,219.7899932861328,223.36000061035156,218.94000244140625,220.64999389648438,28792100,0,0
2018-10-23,215.8300018310547,223.25,214.6999969482422,222.72999572753906,38767800,0,0
2018-10-24,222.60000610351562,224.22999572753906,214.5399932861328,215.08999633789062,40925500,0,0
2018-10-25,217.7100067138672,221.3800048828125,216.75,219.8000030517578,29855800,0,0
2018-10-26,215.89999389648438,220.19000244140625,212.6699981689453,216.3000030517578,47258400,0,0
2018-10-29,219.19000244140625,219.69000244140625,206.08999633789062,212.24000549316406,45935500,0,0
2018-10-30,211.14999389648438,215.17999267578125,209.27000427246094,213.3000030517578,36660000,0,0
2018-10-31,216.8800048828125,220.4499969482422,216.6199951171875,218.86000061035156,38358900,0,0
2018-11-01,219.0500030517578,222.36000061035156,216.80999755859375,222.22000122070312,58323200,0,0
2018-11-02,209.5500030517578,213.64999389648438,205.42999267578125,207.47999572753906,91328700,0,0
2018-11-05,204.3000030517578,204.38999938964844,198.1699981689453,201.58999633789062,66163700,0,0
2018-11-06,201.9199981689453,204.72000122070312,201.69000244140625,203.77000427246094,31882900,0,0
2018-11-07,205.97000122070312,210.05999755859375,204.1300048828125,209.9499969482422,33424400,0,0
2018-11-08,209.97999572753906,210.1199951171875,206.75,208.49000549316406,25362600,0,0
2018-11-09,205.5500030517578,206.00999450683594,202.25,204.47000122070312,34365800,0,0
2018-11-12,199.0,199.85000610351562,193.7899932861328,194.1699981689453,51135500,0,0
2018-11-13,191.6300048828125,197.17999267578125,191.4499969482422,192.22999572753906,46882900,0,0
2018-11-14,193.89999389648438,194.47999572753906,185.92999267578125,186.8000030517578,60801000,0,0
2018-11-15,188.38999938964844,191.97000122070312,186.89999389648438,191.41000366210938,46478800,0,0
2018-11-16,190.5,194.97000122070312,189.4600067138672,193.52999877929688,36928300,0,0
2018-11-19,190.0,190.6999969482422,184.99000549316406,185.86000061035156,41925300,0,0
2018-11-20,178.3699951171875,181.47000122070312,175.50999450683594,176.97999572753906,67825200,0,0
2018-11-21,179.72999572753906,180.27000427246094,176.5500030517578,176.77999877929688,31124200,0,0
2018-11-23,174.94000244140625,176.60000610351562,172.10000610351562,172.2899932861328,23624000,0,0
2018-11-26,174.24000549316406,174.9499969482422,170.25999450683594,174.6199951171875,44998500,0,0
2018-11-27,171.50999450683594,174.77000427246094,170.8800048828125,174.24000549316406,41387400,0,0
2018-11-28,176.72999572753906,181.2899932861328,174.92999267578125,180.94000244140625,46062500,0,0
2018-11-29,182.66000366210938,182.8000030517578,177.6999969482422,179.5500030517578,41770000,0,0
2018-11-30,180.2899932861328,180.3300018310547,177.02999877929688,178.5800018310547,39531500,0,0
2018-12-03,184.4600067138672,184.94000244140625,181.2100067138672,184.82000732421875,40802500,0,0
2018-12-04,180.9499969482422,182.38999938964844,176.27000427246094,176.69000244140625,41344300,0,0
2018-12-06,171.75999450683594,174.77999877929688,170.4199981689453,174.72000122070312,43098400,0,0
2018-12-07,173.49000549316406,174.49000549316406,168.3000030517578,168.49000549316406,42281600,0,0
2018-12-10,165.0,170.08999633789062,163.3300018310547,169.60000610351562,62026000,0,0
2018-12-11,171.66000366210938,171.7899932861328,167.0,168.6300048828125,47281700,0,0
2018-12-12,170.39999389648438,171.9199981689453,169.02000427246094,169.10000610351562,35627700,0,0
2018-12-13,170.49000549316406,172.57000732421875,169.5500030517578,170.9499969482422,31898600,0,0
2018-12-14,169.0,169.0800018310547,165.27999877929688,165.47999572753906,40703700,0,0
2018-12-17,165.4499969482422,168.35000610351562,162.72999572753906,163.94000244140625,44287900,0,0
2018-12-18,165.3800048828125,167.52999877929688,164.38999938964844,166.07000732421875,33841500,0,0
2018-12-19,166.0,167.4499969482422,159.08999633789062,160.88999938964844,49047300,0,0
2018-12-20,160.39999389648438,162.11000061035156,155.3000030517578,156.8300018310547,64773000,0,0
2018-12-21,156.86000061035156,158.16000366210938,149.6300048828125,150.72999572753906,95744600,0,0
2018-12-24,148.14999389648438,151.5500030517578,146.58999633789062,146.8300018310547,37169200,0,0
2018-12-26,148.3000030517578,157.22999572753906,146.72000122070312,157.1699981689453,58582500,0,0
2018-12-27,155.83999633789062,156.77000427246094,150.07000732421875,156.14999389648438,53117100,0,0
2018-12-28,157.5,158.52000427246094,154.5500030517578,156.22999572753906,42291400,0,0
2018-12-31,158.52999877929688,159.36000061035156,156.47999572753906,157.74000549316406,35003500,0,0
2019-01-02,154.88999938964844,158.85000610351562,154.22999572753906,157.9199981689453,37039700,0,0
2019-01-03,143.97999572753906,145.72000122070312,142.0,142.19000244140625,91312200,0,0
2019-01-04,144.52999877929688,148.5500030517578,143.8000030517578,148.25999450683594,58607100,0,0
2019-01-07,148.6999969482422,148.8300018310547,145.89999389648438,147.92999267578125,54777800,0,0
2019-01-08,149.55999755859375,151.82000732421875,148.52000427246094,150.75,41025300,0,0
2019-01-09,151.2899932861328,154.52999877929688,149.6300048828125,153.30999755859375,45099100,0,0
2019-01-10,152.5,153.97000122070312,150.86000061035156,153.8000030517578,35780700,0,0
2019-01-11,152.8800048828125,153.6999969482422,151.50999450683594,152.2899932861328,27023200,0,0
2019-01-14,150.85000610351562,151.27000427246094,149.22000122070312,150.0,32439200,0,0
2019-01-15,150.27000427246094,153.38999938964844,150.0500030517578,153.07000732421875,28710900,0,0
2019-01-16,153.0800018310547,155.8800048828125,153.0,154.94000244140625,30569700,0,0
2019-01-17,154.1999969482422,157.66000366210938,153.25999450683594,155.86000061035156,29821200,0,0
2019-01-18,157.5,157.8800048828125,155.97999572753906,156.82000732421875,33751000,0,0
2019-01-22,156.41000366210938,156.72999572753906,152.6199951171875,153.3000030517578,30394000,0,0
2019-01-23,154.14999389648438,155.13999938964844,151.6999969482422,153.9199981689453,23130600,0,0
2019-01-24,154.11000061035156,154.47999572753906,151.74000549316406,152.6999969482422,25441500,0,0
2019-01-25,155.47999572753906,158.1300048828125,154.32000732421875,157.75999450683594,33535500,0,0
2019-01-28,155.7899932861328,156.3300018310547,153.66000366210938,156.3000030517578,26192100,0,0
2019-01-29,156.25,158.1300048828125,154.11000061035156,154.67999267578125,41587200,0,0
2019-01-30,163.25,166.14999389648438,160.22999572753906,165.25,61109800,0,0
2019-01-31,166.11000061035156,169.0,164.55999755859375,166.44000244140625,40739600,0,0
2019-02-01,166.9600067138672,168.97999572753906,165.92999267578125,166.52000427246094,32668100,0,0
2019-02-04,167.41000366210938,171.66000366210938,167.27999877929688,171.25,31495500,0,0
2019-02-05,172.86000061035156,175.0800018310547,172.35000610351562,174.17999267578125,36101600,0,0
2019-02-06,174.64999389648438,175.57000732421875,172.85000610351562,174.24000549316406,28239600,0,0
2019-02-07,172.39999389648438,173.94000244140625,170.33999633789062,170.94000244140625,31741700,0,0
2019-02-08,168.99000549316406,170.66000366210938,168.4199981689453,170.41000366210938,23820000,0,0
2019-02-11,171.0500030517578,171.2100067138672,169.25,169.42999267578125,20993400,0,0
2019-02-12,170.10000610351562,171.0,169.6999969482422,170.88999938964844,22283500,0,0
2019-02-13,171.38999938964844,172.47999572753906,169.9199981689453,170.17999267578125,22490200,0,0
2019-02-14,169.7100067138672,171.25999450683594,169.3800048828125,170.8000030517578,21835700,0,0
2019-02-15,171.25,171.6999969482422,169.75,170.4199981689453,24626800,0,0
2019-02-19,169.7100067138672,171.44000244140625,169.49000549316406,170.92999267578125,18972800,0,0
2019-02-20,171.19000244140625,173.32000732421875,170.99000549316406,172.02999877929688,26114400,0,0
2019-02-21,171.8000030517578,172.3699951171875,170.3000030517578,171.05999755859375,17249700,0,0
2019-02-22,171.5800018310547,173.0,171.3800048828125,172.97000122070312,18913200,0,0
2019-02-25,174.16000366210938,175.8699951171875,173.9499969482422,174.22999572753906,21873400,0,0
2019-02-26,173.7100067138672,175.3000030517578,173.1699981689453,174.3300018310547,17070200,0,0
2019-02-27,173.2100067138672,175.0,172.72999572753906,174.8699951171875,27835400,0,0
2019-02-28,174.32000732421875,174.91000366210938,172.9199981689453,173.14999389648438,28215400,0,0
2019-03-01,174.27999877929688,175.14999389648438,172.88999938964844,174.97000122070312,25886200,0,0
2019-03-04,175.69000244140625,177.75,173.97000122070312,175.85000610351562,27436200,0,0
2019-03-05,175.94000244140625,176.0,174.5399932861328,175.52999877929688,19737400,0,0
2019-03-06,174.6699981689453,175.49000549316406,173.94000244140625,174.52000427246094,20810400,0,0
2019-03-07,173.8699951171875,174.44000244140625,172.02000427246094,172.5,24796400,0,0
2019-03-08,170.32000732421875,173.07000732421875,169.5,172.91000366210938,23999400,0,0
2019-03-11,175.49000549316406,179.1199951171875,175.35000610351562,178.89999389648438,32011000,0,0
2019-03-12,180.0,182.6699981689453,179.3699951171875,180.91000366210938,32467600,0,0
2019-03-13,182.25,183.3000030517578,180.9199981689453,181.7100067138672,31032500,0,0
2019-03-14,183.89999389648438,184.10000610351562,182.55999755859375,183.72999572753906,23579500,0,0
2019-03-15,184.85000610351562,187.3300018310547,183.74000549316406,186.1199951171875,39042900,0,0
2019-03-18,185.8000030517578,188.38999938964844,185.7899932861328,188.02000427246094,26219800,0,0
2019-03-19,188.35000610351562,188.99000549316406,185.9199981689453,186.52999877929688,31646400,0,0
2019-03-20,186.22999572753906,189.49000549316406,184.72999572753906,188.16000366210938,31035200,0,0
2019-03-21,190.02000427246094,196.3300018310547,189.80999755859375,195.08999633789062,51034200,0,0
2019-03-22,195.33999633789062,197.69000244140625,190.77999877929688,191.0500030517578,42407700,0,0
2019-03-25,191.50999450683594,191.97999572753906,186.60000610351562,188.74000549316406,43845300,0,0
2019-03-26,191.66000366210938,192.8800048828125,184.5800018310547,186.7899932861328,49800500,0,0
2019-03-27,188.75,189.75999450683594,186.5500030517578,188.47000122070312,29848400,0,0
2019-03-28,188.9499969482422,189.55999755859375,187.52999877929688,188.72000122070312,20780400,0,0
2019-03-29,189.8300018310547,190.0800018310547,188.5399932861328,189.9499969482422,23564000,0,0
2019-04-01,191.63999938964844,191.67999267578125,188.3800048828125,191.24000549316406,27862000,0,0
2019-04-02,191.08999633789062,194.4600067138672,191.0500030517578,194.02000427246094,22765700,0,0
2019-04-03,193.25,196.5,193.14999389648438,195.35000610351562,23271800,0,0
2019-04-04,194.7899932861328,196.3699951171875,193.13999938964844,195.69000244140625,19114300,0,0
2019-04-05,196.4499969482422,197.10000610351562,195.92999267578125,197.0,18526600,0,0
2019-04-08,196.4199981689453,200.22999572753906,196.33999633789062,200.10000610351562,25881700,0,0
2019-04-09,200.32000732421875,202.85000610351562,199.22999572753906,199.5,35768200,0,0
2019-04-10,198.67999267578125,200.74000549316406,198.17999267578125,200.6199951171875,21695300,0,0
2019-04-11,200.85000610351562,201.0,198.44000244140625,198.9499969482422,20900800,0,0
2019-04-12,199.1999969482422,200.13999938964844,196.2100067138672,198.8699951171875,27760700,0,0
2019-04-15,198.5800018310547,199.85000610351562,198.00999450683594,199.22999572753906,17536600,0,0
2019-04-16,199.4600067138672,201.3699951171875,198.55999755859375,199.25,25696400,0,0
2019-04-17,199.5399932861328,203.3800048828125,198.61000061035156,203.1300048828125,28906800,0,0
2019-04-18,203.1199951171875,204.14999389648438,202.52000427246094,203.86000061035156,24195800,0,0
2019-04-22,202.8300018310547,204.94000244140625,202.33999633789062,204.52999877929688,19439500,0,0
2019-04-23,204.42999267578125,207.75,203.89999389648438,207.47999572753906,23323000,0,0
2019-04-24,207.36000061035156,208.47999572753906,207.0500030517578,207.16000366210938,17540600,0,0
2019-04-25,206.8300018310547,207.75999450683594,205.1199951171875,205.27999877929688,18543200,0,0
2019-04-26,204.89999389648438,205.0,202.1199951171875,204.3000030517578,18649100,0,0
2019-04-29,204.39999389648438,205.97000122070312,203.86000061035156,204.61000061035156,22204700,0,0
2019-04-30,203.05999755859375,203.39999389648438,199.11000061035156,200.6699981689453,46534900,0,0
2019-05-01,209.8800048828125,215.30999755859375,209.22999572753906,210.52000427246094,64827300,0,0
2019-05-02,209.83999633789062,212.64999389648438,208.1300048828125,209.14999389648438,31996300,0,0
2019-05-03,210.88999938964844,211.83999633789062,210.22999572753906,211.75,20892400,0,0
2019-05-06,204.2899932861328,208.83999633789062,203.5,208.47999572753906,32443100,0,0
2019-05-07,205.8800048828125,207.4199981689453,200.8300018310547,202.86000061035156,38763700,0,0
2019-05-08,201.89999389648438,205.33999633789062,201.75,202.89999389648438,26339500,0,0
2019-05-09,200.39999389648438,201.67999267578125,196.66000366210938,200.72000122070312,34908600,0,0
2019-05-10,197.4199981689453,198.85000610351562,192.77000427246094,197.17999267578125,41208700,0,0
2019-05-13,187.7100067138672,189.47999572753906,182.85000610351562,185.72000122070312,57430600,0,0
2019-05-14,186.41000366210938,189.6999969482422,185.41000366210938,188.66000366210938,36529700,0,0
2019-05-15,186.27000427246094,191.75,186.02000427246094,190.9199981689453,26544700,0,0
2019-05-16,189.91000366210938,192.47000122070312,188.83999633789062,190.0800018310547,33031400,0,0
2019-05-17,186.92999267578125,190.89999389648438,186.75999450683594,189.0,32879100,0,0
2019-05-20,183.52000427246094,184.35000610351562,180.27999877929688,183.08999633789062,38612300,0,0
2019-05-21,185.22000122070312,188.0,184.6999969482422,186.60000610351562,28364800,0,0
2019-05-22,184.66000366210938,185.7100067138672,182.5500030517578,182.77999877929688,29748600,0,0
2019-05-23,179.8000030517578,180.5399932861328,177.80999755859375,179.66000366210938,36529700,0,0
2019-05-24,180.1999969482422,182.13999938964844,178.6199951171875,178.97000122070312,23714700,0,0
2019-05-28,178.9199981689453,180.58999633789062,177.91000366210938,178.22999572753906,27948200,0,0
2019-05-29,176.4199981689453,179.35000610351562,176.0,177.3800048828125,28481200,0,0
2019-05-30,177.9499969482422,179.22999572753906,176.6699981689453,178.3000030517578,21218400,0,0
2019-05-31,176.22999572753906,177.99000549316406,174.99000549316406,175.07000732421875,27043600,0,0
2019-06-03,175.60000610351562,177.9199981689453,170.27000427246094,173.3000030517578,40396100,0,0
2019-06-04,175.44000244140625,179.8300018310547,174.52000427246094,179.63999938964844,30968000,0,0
2019-06-05,184.27999877929688,184.99000549316406,181.13999938964844,182.5399932861328,29773400,0,0
2019-06-06,183.0800018310547,185.47000122070312,182.14999389648438,185.22000122070312,22526300,0,0
2019-06-07,186.50999450683594,191.9199981689453,185.77000427246094,190.14999389648438,30684400,0,0
2019-06-10,191.80999755859375,195.3699951171875,191.6199951171875,192.5800018310547,26220900,0,0
2019-06-11,194.86000061035156,196.0,193.60000610351562,194.80999755859375,26932900,0,0
2019-06-12,193.9499969482422,195.97000122070312,193.38999938964844,194.19000244140625,18221800,0,0
2019-06-13,194.6999969482422,196.7899932861328,193.60000610351562,194.14999389648438,21674600,0,0
2019-06-14,191.5500030517578,193.58999633789062,190.3000030517578,192.74000549316406,18761500,0,0
2019-06-17,192.89999389648438,194.9600067138672,192.1699981689453,193.88999938964844,14669100,0,0
2019-06-18,196.0500030517578,200.2899932861328,195.2100067138672,198.4499969482422,26551000,0,0
2019-06-19,199.67999267578125,199.8800048828125,197.30999755859375,197.8699951171875,21124200,0,0
2019-06-20,200.3699951171875,200.61000061035156,198.02999877929688,199.4600067138672,21514000,0,0
2019-06-21,198.8000030517578,200.85000610351562,198.14999389648438,198.77999877929688,47800600,0,0
2019-06-24,198.5399932861328,200.16000366210938,198.1699981689453,198.5800018310547,18220400,0,0
2019-06-25,198.42999267578125,199.25999450683594,195.2899932861328,195.57000732421875,21070300,0,0
2019-06-26,197.77000427246094,200.99000549316406,197.35000610351562,199.8000030517578,26067500,0,0
2019-06-27,200.2899932861328,201.57000732421875,199.57000732421875,199.74000549316406,20899700,0,0
2019-06-28,198.67999267578125,199.5,197.0500030517578,197.9199981689453,31110600,0,0
